instance,time,cost,path,peak_memory_usage_in_MB
tsp_6_2.txt,0,80,0-5-1-2-3-4,0.0078125
tsp_10.txt,15625000,212,0-5-1-9-6-7-8-2-4-3,0.28515625
tsp_12.txt,15625300,264,0-10-3-5-7-9-11-2-6-4-8-1,1.19921875
tsp_15.txt,219947400,291,0-12-1-14-8-4-6-2-11-13-9-7-5-3-10,1.1484375
tsp_17.txt,1051048800,39,0-11-16-8-7-4-3-15-14-6-5-12-10-9-1-13-2,0.6171875
gr21.txt,41272236600,2707,0-11-3-10-19-18-16-9-17-12-13-14-20-1-2-8-4-15-5-7-6,1.3046875
