instance,time,cost,path,peak_memory_usage_in_MB
tsp_6_2.txt,0,80,0-5-1-2-3-4,0.0078125
tsp_10.txt,0,212,0-5-1-9-6-7-8-2-4-3,0.44140625
tsp_12.txt,21650200,264,0-10-3-5-7-9-11-2-6-4-8-1,1.015625
tsp_15.txt,214620200,291,0-12-1-14-8-4-6-2-11-13-9-7-5-3-10,2.16015625
tsp_17.txt,1177679300,39,0-11-16-8-7-4-3-15-14-6-5-12-10-9-1-13-2,0.6875
